Month,Temperature_C_mean,Temperature_C_min,Temperature_C_max,Temperature_C_std,Precipitation_mm_sum,Precipitation_mm_mean,Humidity_pct_mean,Humidity_pct_min,Humidity_pct_max
1,14.446460728815943,-19.96931109358452,39.99969202638841,14.5567077350881,1174627.6437814748,5.26054746644039,60.018149733319454,30.00002822213065,89.99942763675625
2,14.50208136095824,-19.8471934143801,39.99869263784733,14.533275566903882,1093498.4781343571,5.24515046256371,60.07099229030688,30.000008666508258,89.99963680515208
3,15.005690786890339,-9.99996563986281,39.99901485495224,14.428379942503263,1114472.012123102,4.996019276839326,59.98605889259492,30.00067532987572,89.99987967163739
4,15.001603022431436,-9.999964254517032,39.99967002747397,14.431165013518974,1083923.812762813,4.999556340117401,60.01122535463185,30.00090224713474,89.99992937436375
5,15.042793449828324,-9.999913404497292,39.99980055990208,14.432170842252477,643117.1791746122,5.010417737967934,60.02845788131642,30.00022342039281,89.99997706846489
