Season,Temperature_C_mean,Temperature_C_min,Temperature_C_max,Precipitation_mm_sum,Precipitation_mm_mean,Humidity_pct_mean
Spring,15.012512130493516,-9.99996563986281,39.99980055990208,2841513.0040605273,5.000621232279293,60.00523830211743
Winter,14.473316999192075,-19.96931109358452,39.99969202638841,2268126.1219158317,5.253113065154971,60.043664617691675
